[
    {
        "inputs": [],
        "stateMutability": "nonpayable",
        "type": "constructor"
    },
    {
        "anonymous": false,
        "inputs": [
            {
                "indexed": true,
                "internalType": "address",
                "name": "fromAddress",
                "type": "address"
            },
            {
                "indexed": false,
                "internalType": "uint256",
                "name": "amount",
                "type": "uint256"
            },
            {
                "indexed": true,
                "internalType": "address",
                "name": "txOrigin",
                "type": "address"
            }
        ],
        "name": "SwapEth",
        "type": "event"
    },
    {
        "anonymous": false,
        "inputs": [
            {
                "indexed": true,
                "internalType": "address",
                "name": "fromAddress",
                "type": "address"
            },
            {
                "indexed": true,
                "internalType": "address",
                "name": "fromToken",
                "type": "address"
            },
            {
                "indexed": false,
                "internalType": "uint256",
                "name": "tokenAmount",
                "type": "uint256"
            },
            {
                "indexed": true,
                "internalType": "address",
                "name": "txOrigin",
                "type": "address"
            }
        ],
        "name": "SwapToken",
        "type": "event"
    },
    {
        "inputs": [
            {
                "internalType": "uint256",
                "name": "fromAmount",
                "type": "uint256"
            }
        ],
        "name": "calculateAmounts",
        "outputs": [
            {
                "internalType": "uint256",
                "name": "feeAmount",
                "type": "uint256"
            },
            {
                "internalType": "uint256",
                "name": "swapAmount",
                "type": "uint256"
            }
        ],
        "stateMutability": "view",
        "type": "function"
    },
    {
        "inputs": [],
        "name": "feeAddress",
        "outputs": [
            {
                "internalType": "address",
                "name": "",
                "type": "address"
            }
        ],
        "stateMutability": "view",
        "type": "function"
    },
    {
        "inputs": [],
        "name": "feeRate",
        "outputs": [
            {
                "internalType": "uint32",
                "name": "",
                "type": "uint32"
            }
        ],
        "stateMutability": "view",
        "type": "function"
    },
    {
        "inputs": [
            {
                "internalType": "address",
                "name": "_owner",
                "type": "address"
            },
            {
                "internalType": "address",
                "name": "_metaRouter",
                "type": "address"
            },
            {
                "internalType": "address",
                "name": "_metaRouterGateway",
                "type": "address"
            },
            {
                "internalType": "address",
                "name": "_feeAddress",
                "type": "address"
            },
            {
                "internalType": "uint32",
                "name": "_feeRate",
                "type": "uint32"
            }
        ],
        "name": "initialize",
        "outputs": [],
        "stateMutability": "nonpayable",
        "type": "function"
    },
    {
        "inputs": [],
        "name": "metaRouter",
        "outputs": [
            {
                "internalType": "address",
                "name": "",
                "type": "address"
            }
        ],
        "stateMutability": "view",
        "type": "function"
    },
    {
        "inputs": [],
        "name": "metaRouterGateway",
        "outputs": [
            {
                "internalType": "address",
                "name": "",
                "type": "address"
            }
        ],
        "stateMutability": "view",
        "type": "function"
    },
    {
        "inputs": [],
        "name": "owner",
        "outputs": [
            {
                "internalType": "address",
                "name": "",
                "type": "address"
            }
        ],
        "stateMutability": "view",
        "type": "function"
    },
    {
        "inputs": [
            {
                "internalType": "address",
                "name": "_metaRouter",
                "type": "address"
            },
            {
                "internalType": "address",
                "name": "_metaRouterGateway",
                "type": "address"
            }
        ],
        "name": "setMetaRouters",
        "outputs": [],
        "stateMutability": "nonpayable",
        "type": "function"
    },
    {
        "inputs": [
            {
                "internalType": "address",
                "name": "_owner",
                "type": "address"
            }
        ],
        "name": "setOwner",
        "outputs": [],
        "stateMutability": "nonpayable",
        "type": "function"
    },
    {
        "inputs": [
            {
                "internalType": "bytes",
                "name": "data",
                "type": "bytes"
            }
        ],
        "name": "swapEth",
        "outputs": [],
        "stateMutability": "payable",
        "type": "function"
    },
    {
        "inputs": [
            {
                "internalType": "contract IERC20Upgradeable",
                "name": "fromToken",
                "type": "address"
            },
            {
                "internalType": "uint256",
                "name": "tokenAmount",
                "type": "uint256"
            },
            {
                "internalType": "bytes",
                "name": "data",
                "type": "bytes"
            }
        ],
        "name": "swapToken",
        "outputs": [],
        "stateMutability": "nonpayable",
        "type": "function"
    },
    {
        "inputs": [
            {
                "internalType": "address",
                "name": "toAddress",
                "type": "address"
            },
            {
                "internalType": "uint256",
                "name": "amount",
                "type": "uint256"
            }
        ],
        "name": "withdrawBridgeAssetEth",
        "outputs": [],
        "stateMutability": "nonpayable",
        "type": "function"
    },
    {
        "inputs": [
            {
                "internalType": "contract IERC20Upgradeable",
                "name": "fromToken",
                "type": "address"
            },
            {
                "internalType": "address",
                "name": "toAddress",
                "type": "address"
            },
            {
                "internalType": "uint256",
                "name": "tokenAmount",
                "type": "uint256"
            }
        ],
        "name": "withdrawBridgeAssetToken",
        "outputs": [],
        "stateMutability": "nonpayable",
        "type": "function"
    }
]