[
  {
    "inputs": [
      {
        "internalType": "address[]",
        "name": "users",
        "type": "address[]"
      },
      {
        "internalType": "address[]",
        "name": "tokens",
        "type": "address[]"
      }
    ],
    "name": "balances",
    "outputs": [
      {
        "internalType": "uint256[]",
        "name": "",
        "type": "uint256[]"
      }
    ],
    "stateMutability": "view",
    "type": "function"
  },
  {
    "inputs": [
      {
        "internalType": "address",
        "name": "_dao",
        "type": "address"
      }
    ],
    "name": "getDao",
    "outputs": [
      {
        "components": [
          {
            "internalType": "address",
            "name": "dao",
            "type": "address"
          },
          {
            "internalType": "string",
            "name": "daoName",
            "type": "string"
          },
          {
            "internalType": "string",
            "name": "daoSymbol",
            "type": "string"
          },
          {
            "internalType": "address",
            "name": "lp",
            "type": "address"
          },
          {
            "internalType": "string",
            "name": "lpName",
            "type": "string"
          },
          {
            "internalType": "string",
            "name": "lpSymbol",
            "type": "string"
          }
        ],
        "internalType": "struct index.DaoInfo",
        "name": "",
        "type": "tuple"
      }
    ],
    "stateMutability": "view",
    "type": "function"
  },
  {
    "inputs": [
      {
        "internalType": "address",
        "name": "_factory",
        "type": "address"
      },
      {
        "internalType": "address",
        "name": "_dao",
        "type": "address"
      }
    ],
    "name": "getDaoConfiguration",
    "outputs": [
      {
        "components": [
          {
            "internalType": "bool",
            "name": "gtMintable",
            "type": "bool"
          },
          {
            "internalType": "bool",
            "name": "gtBurnable",
            "type": "bool"
          },
          {
            "internalType": "address",
            "name": "lpAddress",
            "type": "address"
          },
          {
            "internalType": "bool",
            "name": "lpMintable",
            "type": "bool"
          },
          {
            "internalType": "bool",
            "name": "lpBurnable",
            "type": "bool"
          },
          {
            "internalType": "bool",
            "name": "lpMintableStatusFrozen",
            "type": "bool"
          },
          {
            "internalType": "bool",
            "name": "lpBurnableStatusFrozen",
            "type": "bool"
          },
          {
            "internalType": "uint256",
            "name": "permittedLength",
            "type": "uint256"
          },
          {
            "internalType": "uint256",
            "name": "adaptersLength",
            "type": "uint256"
          },
          {
            "internalType": "uint256",
            "name": "monthlyCost",
            "type": "uint256"
          },
          {
            "internalType": "uint256",
            "name": "numberOfPrivateOffers",
            "type": "uint256"
          }
        ],
        "internalType": "struct index.DaoConfiguration",
        "name": "",
        "type": "tuple"
      }
    ],
    "stateMutability": "view",
    "type": "function"
  },
  {
    "inputs": [
      {
        "internalType": "address",
        "name": "_factory",
        "type": "address"
      }
    ],
    "name": "getDaos",
    "outputs": [
      {
        "components": [
          {
            "internalType": "address",
            "name": "dao",
            "type": "address"
          },
          {
            "internalType": "string",
            "name": "daoName",
            "type": "string"
          },
          {
            "internalType": "string",
            "name": "daoSymbol",
            "type": "string"
          },
          {
            "internalType": "address",
            "name": "lp",
            "type": "address"
          },
          {
            "internalType": "string",
            "name": "lpName",
            "type": "string"
          },
          {
            "internalType": "string",
            "name": "lpSymbol",
            "type": "string"
          }
        ],
        "internalType": "struct index.DaoInfo[]",
        "name": "",
        "type": "tuple[]"
      }
    ],
    "stateMutability": "view",
    "type": "function"
  },
  {
    "inputs": [
      {
        "internalType": "address",
        "name": "_dao",
        "type": "address"
      },
      {
        "internalType": "bytes32[]",
        "name": "_txHashes",
        "type": "bytes32[]"
      }
    ],
    "name": "getHashStatuses",
    "outputs": [
      {
        "internalType": "bool[]",
        "name": "",
        "type": "bool[]"
      }
    ],
    "stateMutability": "view",
    "type": "function"
  },
  {
    "inputs": [
      {
        "internalType": "address",
        "name": "_factory",
        "type": "address"
      }
    ],
    "name": "getInvestInfo",
    "outputs": [
      {
        "components": [
          {
            "internalType": "address",
            "name": "dao",
            "type": "address"
          },
          {
            "internalType": "string",
            "name": "daoName",
            "type": "string"
          },
          {
            "internalType": "string",
            "name": "daoSymbol",
            "type": "string"
          },
          {
            "internalType": "address",
            "name": "lp",
            "type": "address"
          },
          {
            "internalType": "string",
            "name": "lpName",
            "type": "string"
          },
          {
            "internalType": "string",
            "name": "lpSymbol",
            "type": "string"
          }
        ],
        "internalType": "struct index.DaoInfo[]",
        "name": "",
        "type": "tuple[]"
      },
      {
        "components": [
          {
            "internalType": "bool",
            "name": "isActive",
            "type": "bool"
          },
          {
            "internalType": "address",
            "name": "currency",
            "type": "address"
          },
          {
            "internalType": "uint256",
            "name": "rate",
            "type": "uint256"
          }
        ],
        "internalType": "struct IShop.PublicOffer[]",
        "name": "",
        "type": "tuple[]"
      },
      {
        "internalType": "string[]",
        "name": "",
        "type": "string[]"
      },
      {
        "internalType": "uint8[]",
        "name": "",
        "type": "uint8[]"
      },
      {
        "internalType": "uint256[]",
        "name": "",
        "type": "uint256[]"
      }
    ],
    "stateMutability": "view",
    "type": "function"
  },
  {
    "inputs": [
      {
        "internalType": "address",
        "name": "_factory",
        "type": "address"
      }
    ],
    "name": "getPrivateOffersInfo",
    "outputs": [
      {
        "components": [
          {
            "internalType": "address",
            "name": "dao",
            "type": "address"
          },
          {
            "internalType": "string",
            "name": "daoName",
            "type": "string"
          },
          {
            "internalType": "string",
            "name": "daoSymbol",
            "type": "string"
          },
          {
            "internalType": "address",
            "name": "lp",
            "type": "address"
          },
          {
            "internalType": "string",
            "name": "lpName",
            "type": "string"
          },
          {
            "internalType": "string",
            "name": "lpSymbol",
            "type": "string"
          }
        ],
        "internalType": "struct index.DaoInfo[]",
        "name": "",
        "type": "tuple[]"
      },
      {
        "internalType": "uint256[]",
        "name": "",
        "type": "uint256[]"
      },
      {
        "components": [
          {
            "internalType": "bool",
            "name": "isActive",
            "type": "bool"
          },
          {
            "internalType": "address",
            "name": "recipient",
            "type": "address"
          },
          {
            "internalType": "address",
            "name": "currency",
            "type": "address"
          },
          {
            "internalType": "uint256",
            "name": "currencyAmount",
            "type": "uint256"
          },
          {
            "internalType": "uint256",
            "name": "lpAmount",
            "type": "uint256"
          }
        ],
        "internalType": "struct IShop.PrivateOffer[]",
        "name": "",
        "type": "tuple[]"
      },
      {
        "internalType": "string[]",
        "name": "",
        "type": "string[]"
      },
      {
        "internalType": "uint8[]",
        "name": "",
        "type": "uint8[]"
      }
    ],
    "stateMutability": "view",
    "type": "function"
  },
  {
    "inputs": [
      {
        "internalType": "address",
        "name": "_dao",
        "type": "address"
      },
      {
        "internalType": "address[]",
        "name": "_users",
        "type": "address[]"
      }
    ],
    "name": "getShare",
    "outputs": [
      {
        "internalType": "uint256",
        "name": "share",
        "type": "uint256"
      },
      {
        "internalType": "uint256",
        "name": "totalSupply",
        "type": "uint256"
      },
      {
        "internalType": "uint8",
        "name": "quorum",
        "type": "uint8"
      }
    ],
    "stateMutability": "view",
    "type": "function"
  },
  {
    "inputs": [
      {
        "internalType": "address",
        "name": "_dao",
        "type": "address"
      },
      {
        "internalType": "address[][]",
        "name": "_users",
        "type": "address[][]"
      }
    ],
    "name": "getShares",
    "outputs": [
      {
        "internalType": "uint256[]",
        "name": "shares",
        "type": "uint256[]"
      },
      {
        "internalType": "uint256",
        "name": "totalSupply",
        "type": "uint256"
      },
      {
        "internalType": "uint8",
        "name": "quorum",
        "type": "uint8"
      }
    ],
    "stateMutability": "view",
    "type": "function"
  },
  {
    "inputs": [
      {
        "internalType": "address",
        "name": "_user",
        "type": "address"
      },
      {
        "internalType": "address",
        "name": "_factory",
        "type": "address"
      }
    ],
    "name": "userDaos",
    "outputs": [
      {
        "components": [
          {
            "internalType": "address",
            "name": "dao",
            "type": "address"
          },
          {
            "internalType": "string",
            "name": "daoName",
            "type": "string"
          },
          {
            "internalType": "string",
            "name": "daoSymbol",
            "type": "string"
          },
          {
            "internalType": "address",
            "name": "lp",
            "type": "address"
          },
          {
            "internalType": "string",
            "name": "lpName",
            "type": "string"
          },
          {
            "internalType": "string",
            "name": "lpSymbol",
            "type": "string"
          }
        ],
        "internalType": "struct index.DaoInfo[]",
        "name": "",
        "type": "tuple[]"
      }
    ],
    "stateMutability": "view",
    "type": "function"
  },
  {
    "inputs": [
      {
        "internalType": "address",
        "name": "_user",
        "type": "address"
      },
      {
        "internalType": "address",
        "name": "_factory",
        "type": "address"
      },
      {
        "internalType": "address",
        "name": "_shopTA",
        "type": "address"
      }
    ],
    "name": "userTAs",
    "outputs": [
      {
        "components": [
          {
            "internalType": "address",
            "name": "dao",
            "type": "address"
          },
          {
            "internalType": "address",
            "name": "ta",
            "type": "address"
          },
          {
            "internalType": "string",
            "name": "taName",
            "type": "string"
          },
          {
            "internalType": "string",
            "name": "taSymbol",
            "type": "string"
          }
        ],
        "internalType": "struct index.TAInfo[]",
        "name": "",
        "type": "tuple[]"
      }
    ],
    "stateMutability": "view",
    "type": "function"
  }
]
