[
	{
		"inputs": [
			{
				"internalType": "address",
				"name": "_recipient",
				"type": "address"
			},
			{
				"internalType": "uint256",
				"name": "_lpAmount",
				"type": "uint256"
			},
			{
				"internalType": "uint256",
				"name": "_ethAmount",
				"type": "uint256"
			},
			{
				"internalType": "address[]",
				"name": "_tokenAddresses",
				"type": "address[]"
			},
			{
				"internalType": "uint256[]",
				"name": "_tokenAmounts",
				"type": "uint256[]"
			}
		],
		"name": "createPrivateExitOffer",
		"outputs": [
			{
				"internalType": "bool",
				"name": "success",
				"type": "bool"
			}
		],
		"stateMutability": "nonpayable",
		"type": "function"
	},
	{
		"inputs": [
			{
				"internalType": "uint256",
				"name": "_offerId",
				"type": "uint256"
			}
		],
		"name": "disablePrivateExitOffer",
		"outputs": [
			{
				"internalType": "bool",
				"name": "success",
				"type": "bool"
			}
		],
		"stateMutability": "nonpayable",
		"type": "function"
	},
	{
		"inputs": [
			{
				"internalType": "address",
				"name": "_daoAddress",
				"type": "address"
			},
			{
				"internalType": "uint256",
				"name": "_offerId",
				"type": "uint256"
			}
		],
		"name": "privateExit",
		"outputs": [
			{
				"internalType": "bool",
				"name": "success",
				"type": "bool"
			}
		],
		"stateMutability": "nonpayable",
		"type": "function"
	},
	{
		"anonymous": false,
		"inputs": [
			{
				"indexed": true,
				"internalType": "address",
				"name": "recipient",
				"type": "address"
			},
			{
				"indexed": true,
				"internalType": "uint256",
				"name": "lpAmount",
				"type": "uint256"
			},
			{
				"indexed": false,
				"internalType": "uint256",
				"name": "ethAmount",
				"type": "uint256"
			},
			{
				"indexed": false,
				"internalType": "address[]",
				"name": "tokenAddresses",
				"type": "address[]"
			},
			{
				"indexed": false,
				"internalType": "uint256[]",
				"name": "tokenAmounts",
				"type": "uint256[]"
			}
		],
		"name": "PrivateExit",
		"type": "event"
	},
	{
		"anonymous": false,
		"inputs": [
			{
				"indexed": true,
				"internalType": "address",
				"name": "",
				"type": "address"
			},
			{
				"indexed": false,
				"internalType": "uint256",
				"name": "",
				"type": "uint256"
			}
		],
		"name": "Received",
		"type": "event"
	},
	{
		"stateMutability": "payable",
		"type": "receive"
	},
	{
		"inputs": [
			{
				"internalType": "address",
				"name": "_dao",
				"type": "address"
			}
		],
		"name": "getOffers",
		"outputs": [
			{
				"components": [
					{
						"internalType": "bool",
						"name": "isActive",
						"type": "bool"
					},
					{
						"internalType": "address",
						"name": "recipient",
						"type": "address"
					},
					{
						"internalType": "uint256",
						"name": "lpAmount",
						"type": "uint256"
					},
					{
						"internalType": "uint256",
						"name": "ethAmount",
						"type": "uint256"
					},
					{
						"internalType": "address[]",
						"name": "tokenAddresses",
						"type": "address[]"
					},
					{
						"internalType": "uint256[]",
						"name": "tokenAmounts",
						"type": "uint256[]"
					}
				],
				"internalType": "struct PrivateExitModule.PrivateExitOffer[]",
				"name": "",
				"type": "tuple[]"
			}
		],
		"stateMutability": "view",
		"type": "function"
	},
	{
		"inputs": [
			{
				"internalType": "address",
				"name": "",
				"type": "address"
			}
		],
		"name": "numberOfPrivateOffers",
		"outputs": [
			{
				"internalType": "uint256",
				"name": "",
				"type": "uint256"
			}
		],
		"stateMutability": "view",
		"type": "function"
	},
	{
		"inputs": [
			{
				"internalType": "address",
				"name": "",
				"type": "address"
			},
			{
				"internalType": "uint256",
				"name": "",
				"type": "uint256"
			}
		],
		"name": "privateExitOffers",
		"outputs": [
			{
				"internalType": "bool",
				"name": "isActive",
				"type": "bool"
			},
			{
				"internalType": "address",
				"name": "recipient",
				"type": "address"
			},
			{
				"internalType": "uint256",
				"name": "lpAmount",
				"type": "uint256"
			},
			{
				"internalType": "uint256",
				"name": "ethAmount",
				"type": "uint256"
			}
		],
		"stateMutability": "view",
		"type": "function"
	}
]