[
	{
		"anonymous": false,
		"inputs": [
			{
				"indexed": true,
				"internalType": "address",
				"name": "ta",
				"type": "address"
			}
		],
		"name": "TaCreated",
		"type": "event"
	},
	{
		"inputs": [
			{
				"internalType": "string",
				"name": "_TAName",
				"type": "string"
			},
			{
				"internalType": "string",
				"name": "_TASymbol",
				"type": "string"
			}
		],
		"name": "createTa",
		"outputs": [
			{
				"internalType": "bool",
				"name": "",
				"type": "bool"
			}
		],
		"stateMutability": "nonpayable",
		"type": "function"
	},
	{
		"inputs": [],
		"name": "factory",
		"outputs": [
			{
				"internalType": "address",
				"name": "",
				"type": "address"
			}
		],
		"stateMutability": "view",
		"type": "function"
	},
	{
		"inputs": [
			{
				"internalType": "address",
				"name": "_dao",
				"type": "address"
			}
		],
		"name": "getTAs",
		"outputs": [
			{
				"internalType": "address[]",
				"name": "",
				"type": "address[]"
			}
		],
		"stateMutability": "view",
		"type": "function"
	},
	{
		"inputs": [
			{
				"internalType": "address",
				"name": "_factory",
				"type": "address"
			}
		],
		"name": "setFactory",
		"outputs": [
			{
				"internalType": "bool",
				"name": "",
				"type": "bool"
			}
		],
		"stateMutability": "nonpayable",
		"type": "function"
	}
]