[
  {
    "anonymous": false,
    "inputs": [
      {
        "indexed": false,
        "internalType": "uint8",
        "name": "version",
        "type": "uint8"
      }
    ],
    "name": "Initialized",
    "type": "event"
  },
  {
    "anonymous": false,
    "inputs": [
      {
        "indexed": true,
        "internalType": "address",
        "name": "previousOwner",
        "type": "address"
      },
      {
        "indexed": true,
        "internalType": "address",
        "name": "newOwner",
        "type": "address"
      }
    ],
    "name": "OwnershipTransferred",
    "type": "event"
  },
  {
    "anonymous": false,
    "inputs": [
      {
        "indexed": false,
        "internalType": "address",
        "name": "account",
        "type": "address"
      }
    ],
    "name": "Paused",
    "type": "event"
  },
  {
    "anonymous": false,
    "inputs": [
      {
        "indexed": true,
        "internalType": "address",
        "name": "sender",
        "type": "address"
      },
      {
        "indexed": true,
        "internalType": "contract IERC20",
        "name": "srcToken",
        "type": "address"
      },
      {
        "indexed": true,
        "internalType": "contract IERC20",
        "name": "dstToken",
        "type": "address"
      },
      {
        "indexed": false,
        "internalType": "address",
        "name": "dstReceiver",
        "type": "address"
      },
      {
        "indexed": false,
        "internalType": "uint256",
        "name": "amount",
        "type": "uint256"
      },
      {
        "indexed": false,
        "internalType": "uint256",
        "name": "spentAmount",
        "type": "uint256"
      },
      {
        "indexed": false,
        "internalType": "uint256",
        "name": "returnAmount",
        "type": "uint256"
      },
      {
        "indexed": false,
        "internalType": "uint256",
        "name": "minReturnAmount",
        "type": "uint256"
      },
      {
        "indexed": false,
        "internalType": "uint256",
        "name": "guaranteedAmount",
        "type": "uint256"
      },
      {
        "indexed": false,
        "internalType": "address",
        "name": "referrer",
        "type": "address"
      }
    ],
    "name": "Swapped",
    "type": "event"
  },
  {
    "anonymous": false,
    "inputs": [
      {
        "indexed": false,
        "internalType": "address",
        "name": "account",
        "type": "address"
      }
    ],
    "name": "Unpaused",
    "type": "event"
  },
  {
    "inputs": [],
    "name": "initialize",
    "outputs": [],
    "stateMutability": "nonpayable",
    "type": "function"
  },
  {
    "inputs": [],
    "name": "owner",
    "outputs": [{ "internalType": "address", "name": "", "type": "address" }],
    "stateMutability": "view",
    "type": "function"
  },
  {
    "inputs": [],
    "name": "pause",
    "outputs": [],
    "stateMutability": "nonpayable",
    "type": "function"
  },
  {
    "inputs": [],
    "name": "paused",
    "outputs": [{ "internalType": "bool", "name": "", "type": "bool" }],
    "stateMutability": "view",
    "type": "function"
  },
  {
    "inputs": [],
    "name": "permit2",
    "outputs": [{ "internalType": "address", "name": "", "type": "address" }],
    "stateMutability": "view",
    "type": "function"
  },
  {
    "inputs": [],
    "name": "permit2DomainSeperator",
    "outputs": [{ "internalType": "bytes32", "name": "", "type": "bytes32" }],
    "stateMutability": "view",
    "type": "function"
  },
  {
    "inputs": [
      { "internalType": "address", "name": "owner", "type": "address" }
    ],
    "name": "permit2NextNonce",
    "outputs": [
      { "internalType": "uint256", "name": "nonce", "type": "uint256" }
    ],
    "stateMutability": "view",
    "type": "function"
  },
  {
    "inputs": [
      { "internalType": "address", "name": "owner", "type": "address" },
      { "internalType": "uint256", "name": "start", "type": "uint256" }
    ],
    "name": "permit2NextNonceAfter",
    "outputs": [
      { "internalType": "uint256", "name": "nonce", "type": "uint256" }
    ],
    "stateMutability": "view",
    "type": "function"
  },
  {
    "inputs": [],
    "name": "renounceOwnership",
    "outputs": [],
    "stateMutability": "nonpayable",
    "type": "function"
  },
  {
    "inputs": [
      { "internalType": "contract IERC20", "name": "token", "type": "address" },
      { "internalType": "uint256", "name": "amount", "type": "uint256" }
    ],
    "name": "rescueFunds",
    "outputs": [],
    "stateMutability": "nonpayable",
    "type": "function"
  },
  {
    "inputs": [
      { "internalType": "address", "name": "_permit2", "type": "address" }
    ],
    "name": "setPermit2",
    "outputs": [],
    "stateMutability": "nonpayable",
    "type": "function"
  },
  {
    "inputs": [
      {
        "internalType": "contract IOpenOceanCaller",
        "name": "caller",
        "type": "address"
      },
      {
        "components": [
          {
            "internalType": "contract IERC20",
            "name": "srcToken",
            "type": "address"
          },
          {
            "internalType": "contract IERC20",
            "name": "dstToken",
            "type": "address"
          },
          {
            "internalType": "address",
            "name": "srcReceiver",
            "type": "address"
          },
          {
            "internalType": "address",
            "name": "dstReceiver",
            "type": "address"
          },
          { "internalType": "uint256", "name": "amount", "type": "uint256" },
          {
            "internalType": "uint256",
            "name": "minReturnAmount",
            "type": "uint256"
          },
          {
            "internalType": "uint256",
            "name": "guaranteedAmount",
            "type": "uint256"
          },
          { "internalType": "uint256", "name": "flags", "type": "uint256" },
          { "internalType": "address", "name": "referrer", "type": "address" },
          { "internalType": "bytes", "name": "permit", "type": "bytes" }
        ],
        "internalType": "struct OpenOceanExchange.SwapDescription",
        "name": "desc",
        "type": "tuple"
      },
      {
        "components": [
          { "internalType": "uint256", "name": "target", "type": "uint256" },
          { "internalType": "uint256", "name": "gasLimit", "type": "uint256" },
          { "internalType": "uint256", "name": "value", "type": "uint256" },
          { "internalType": "bytes", "name": "data", "type": "bytes" }
        ],
        "internalType": "struct IOpenOceanCaller.CallDescription[]",
        "name": "calls",
        "type": "tuple[]"
      }
    ],
    "name": "swap",
    "outputs": [
      { "internalType": "uint256", "name": "returnAmount", "type": "uint256" }
    ],
    "stateMutability": "payable",
    "type": "function"
  },
  {
    "inputs": [
      { "internalType": "address", "name": "newOwner", "type": "address" }
    ],
    "name": "transferOwnership",
    "outputs": [],
    "stateMutability": "nonpayable",
    "type": "function"
  }
]
